event_id,tail_number,date,ata_chapter,symptom,diagnostic_action,action_taken,component,outcome,outcome_status,source_type,source_reference
VTABC-001,VT-ABC,2025-01-12,25,Routine inspection finding,Visual inspection and log review,Recorded and monitored,General system,No recurrence observed,not_verified,SYNTHETIC,TailMemory demonstration dataset
VTABC-002,VT-ABC,2025-01-23,32,Routine inspection finding,Visual inspection and log review,Recorded and monitored,General system,No recurrence observed,worked,SYNTHETIC,TailMemory demonstration dataset
VTABC-003,VT-ABC,2025-02-03,32,Routine inspection finding,Visual inspection and log review,Recorded and monitored,General system,No recurrence observed,worked,SYNTHETIC,TailMemory demonstration dataset
VTABC-004,VT-ABC,2025-02-14,25,Routine inspection finding,Visual inspection and log review,Recorded and monitored,General system,No recurrence observed,worked,SYNTHETIC,TailMemory demonstration dataset
VTABC-005,VT-ABC,2025-02-25,32,Routine inspection finding,Visual inspection and log review,Recorded and monitored,General system,No recurrence observed,not_verified,SYNTHETIC,TailMemory demonstration dataset
VTABC-006,VT-ABC,2025-03-08,32,Routine inspection finding,Visual inspection and log review,Recorded and monitored,General system,No recurrence observed,worked,SYNTHETIC,TailMemory demonstration dataset
VTABC-P001,VT-ABC,2025-03-14,29,Hydraulic pressure warning,Pressure test,Replaced hydraulic pump,Hydraulic pump,Warning recurred after takeoff,failed,SYNTHETIC,TailMemory demonstration dataset
VTABC-007,VT-ABC,2025-03-19,25,Routine inspection finding,Visual inspection and log review,Recorded and monitored,General system,No recurrence observed,worked,SYNTHETIC,TailMemory demonstration dataset
VTABC-P002,VT-ABC,2025-03-27,29,Hydraulic pressure warning,Component substitution,Replaced hydraulic pump again,Hydraulic pump,Warning recurred on next sector,failed,SYNTHETIC,TailMemory demonstration dataset
VTABC-008,VT-ABC,2025-03-30,32,Routine inspection finding,Visual inspection and log review,Recorded and monitored,General system,No recurrence observed,worked,SYNTHETIC,TailMemory demonstration dataset
VTABC-P003,VT-ABC,2025-04-09,29,Hydraulic pressure warning,Line and reservoir inspection,Inspected return line and found restriction,Hydraulic return line,Pressure stabilized after corrective action,worked,SYNTHETIC,TailMemory demonstration dataset
VTABC-009,VT-ABC,2025-04-10,32,Routine inspection finding,Visual inspection and log review,Recorded and monitored,General system,No recurrence observed,not_verified,SYNTHETIC,TailMemory demonstration dataset
VTABC-010,VT-ABC,2025-04-21,25,Routine inspection finding,Visual inspection and log review,Recorded and monitored,General system,No recurrence observed,worked,SYNTHETIC,TailMemory demonstration dataset
VTABC-P004,VT-ABC,2025-04-22,29,Hydraulic pressure warning,Post-maintenance operational check,Monitored pressure trend,Hydraulic system,No further warning observed,worked,SYNTHETIC,TailMemory demonstration dataset
VTABC-011,VT-ABC,2025-05-02,32,Routine inspection finding,Visual inspection and log review,Recorded and monitored,General system,No recurrence observed,worked,SYNTHETIC,TailMemory demonstration dataset
VTABC-012,VT-ABC,2025-05-13,32,Routine inspection finding,Visual inspection and log review,Recorded and monitored,General system,No recurrence observed,worked,SYNTHETIC,TailMemory demonstration dataset
VTABC-013,VT-ABC,2025-05-24,25,Routine inspection finding,Visual inspection and log review,Recorded and monitored,General system,No recurrence observed,not_verified,SYNTHETIC,TailMemory demonstration dataset
VTABC-014,VT-ABC,2025-06-04,32,Routine inspection finding,Visual inspection and log review,Recorded and monitored,General system,No recurrence observed,worked,SYNTHETIC,TailMemory demonstration dataset
VTABC-015,VT-ABC,2025-06-15,32,Routine inspection finding,Visual inspection and log review,Recorded and monitored,General system,No recurrence observed,worked,SYNTHETIC,TailMemory demonstration dataset
VTABC-016,VT-ABC,2025-06-26,25,Routine inspection finding,Visual inspection and log review,Recorded and monitored,General system,No recurrence observed,worked,SYNTHETIC,TailMemory demonstration dataset
VTABC-017,VT-ABC,2025-07-07,32,Routine inspection finding,Visual inspection and log review,Recorded and monitored,General system,No recurrence observed,not_verified,SYNTHETIC,TailMemory demonstration dataset
VTABC-018,VT-ABC,2025-07-18,32,Routine inspection finding,Visual inspection and log review,Recorded and monitored,General system,No recurrence observed,worked,SYNTHETIC,TailMemory demonstration dataset
VTABC-019,VT-ABC,2025-07-29,25,Routine inspection finding,Visual inspection and log review,Recorded and monitored,General system,No recurrence observed,worked,SYNTHETIC,TailMemory demonstration dataset
VTABC-020,VT-ABC,2025-08-09,32,Routine inspection finding,Visual inspection and log review,Recorded and monitored,General system,No recurrence observed,worked,SYNTHETIC,TailMemory demonstration dataset
VTDEF-001,VT-DEF,2025-01-15,25,Routine inspection finding,Visual inspection and log review,Recorded and monitored,General system,No recurrence observed,not_verified,SYNTHETIC,TailMemory demonstration dataset
VTDEF-002,VT-DEF,2025-01-26,32,Routine inspection finding,Visual inspection and log review,Recorded and monitored,General system,No recurrence observed,worked,SYNTHETIC,TailMemory demonstration dataset
VTDEF-003,VT-DEF,2025-02-06,32,Routine inspection finding,Visual inspection and log review,Recorded and monitored,General system,No recurrence observed,worked,SYNTHETIC,TailMemory demonstration dataset
VTDEF-004,VT-DEF,2025-02-17,25,Routine inspection finding,Visual inspection and log review,Recorded and monitored,General system,No recurrence observed,worked,SYNTHETIC,TailMemory demonstration dataset
VTDEF-005,VT-DEF,2025-02-28,32,Routine inspection finding,Visual inspection and log review,Recorded and monitored,General system,No recurrence observed,not_verified,SYNTHETIC,TailMemory demonstration dataset
VTDEF-006,VT-DEF,2025-03-11,32,Routine inspection finding,Visual inspection and log review,Recorded and monitored,General system,No recurrence observed,worked,SYNTHETIC,TailMemory demonstration dataset
VTDEF-P001,VT-DEF,2025-03-18,24,Intermittent electrical bus caution,Load test,Reset generator control unit,Generator control unit,Caution returned,failed,SYNTHETIC,TailMemory demonstration dataset
VTDEF-007,VT-DEF,2025-03-22,25,Routine inspection finding,Visual inspection and log review,Recorded and monitored,General system,No recurrence observed,worked,SYNTHETIC,TailMemory demonstration dataset
VTDEF-P002,VT-DEF,2025-03-31,24,Intermittent electrical bus caution,Wiring continuity check,Inspected and repaired harness connection,Electrical harness,Bus remained stable,worked,SYNTHETIC,TailMemory demonstration dataset
VTDEF-008,VT-DEF,2025-04-02,32,Routine inspection finding,Visual inspection and log review,Recorded and monitored,General system,No recurrence observed,worked,SYNTHETIC,TailMemory demonstration dataset
VTDEF-009,VT-DEF,2025-04-13,32,Routine inspection finding,Visual inspection and log review,Recorded and monitored,General system,No recurrence observed,not_verified,SYNTHETIC,TailMemory demonstration dataset
VTDEF-P003,VT-DEF,2025-04-13,24,Generator voltage fluctuation,Voltage trend review,Replaced generator control unit,Generator control unit,Fluctuation returned,failed,SYNTHETIC,TailMemory demonstration dataset
VTDEF-010,VT-DEF,2025-04-24,25,Routine inspection finding,Visual inspection and log review,Recorded and monitored,General system,No recurrence observed,worked,SYNTHETIC,TailMemory demonstration dataset
VTDEF-P004,VT-DEF,2025-04-26,24,Generator voltage fluctuation,Connector inspection,Secured loose connector,Generator connector,Voltage stable,worked,SYNTHETIC,TailMemory demonstration dataset
VTDEF-011,VT-DEF,2025-05-05,32,Routine inspection finding,Visual inspection and log review,Recorded and monitored,General system,No recurrence observed,worked,SYNTHETIC,TailMemory demonstration dataset
VTDEF-012,VT-DEF,2025-05-16,32,Routine inspection finding,Visual inspection and log review,Recorded and monitored,General system,No recurrence observed,worked,SYNTHETIC,TailMemory demonstration dataset
VTDEF-013,VT-DEF,2025-05-27,25,Routine inspection finding,Visual inspection and log review,Recorded and monitored,General system,No recurrence observed,not_verified,SYNTHETIC,TailMemory demonstration dataset
VTDEF-014,VT-DEF,2025-06-07,32,Routine inspection finding,Visual inspection and log review,Recorded and monitored,General system,No recurrence observed,worked,SYNTHETIC,TailMemory demonstration dataset
VTDEF-015,VT-DEF,2025-06-18,32,Routine inspection finding,Visual inspection and log review,Recorded and monitored,General system,No recurrence observed,worked,SYNTHETIC,TailMemory demonstration dataset
VTDEF-016,VT-DEF,2025-06-29,25,Routine inspection finding,Visual inspection and log review,Recorded and monitored,General system,No recurrence observed,worked,SYNTHETIC,TailMemory demonstration dataset
VTDEF-017,VT-DEF,2025-07-10,32,Routine inspection finding,Visual inspection and log review,Recorded and monitored,General system,No recurrence observed,not_verified,SYNTHETIC,TailMemory demonstration dataset
VTDEF-018,VT-DEF,2025-07-21,32,Routine inspection finding,Visual inspection and log review,Recorded and monitored,General system,No recurrence observed,worked,SYNTHETIC,TailMemory demonstration dataset
VTDEF-019,VT-DEF,2025-08-01,25,Routine inspection finding,Visual inspection and log review,Recorded and monitored,General system,No recurrence observed,worked,SYNTHETIC,TailMemory demonstration dataset
VTDEF-020,VT-DEF,2025-08-12,32,Routine inspection finding,Visual inspection and log review,Recorded and monitored,General system,No recurrence observed,worked,SYNTHETIC,TailMemory demonstration dataset
VTGHI-001,VT-GHI,2025-01-18,25,Routine inspection finding,Visual inspection and log review,Recorded and monitored,General system,No recurrence observed,not_verified,SYNTHETIC,TailMemory demonstration dataset
VTGHI-002,VT-GHI,2025-01-29,32,Routine inspection finding,Visual inspection and log review,Recorded and monitored,General system,No recurrence observed,worked,SYNTHETIC,TailMemory demonstration dataset
VTGHI-003,VT-GHI,2025-02-09,32,Routine inspection finding,Visual inspection and log review,Recorded and monitored,General system,No recurrence observed,worked,SYNTHETIC,TailMemory demonstration dataset
VTGHI-004,VT-GHI,2025-02-20,25,Routine inspection finding,Visual inspection and log review,Recorded and monitored,General system,No recurrence observed,worked,SYNTHETIC,TailMemory demonstration dataset
VTGHI-005,VT-GHI,2025-03-03,32,Routine inspection finding,Visual inspection and log review,Recorded and monitored,General system,No recurrence observed,not_verified,SYNTHETIC,TailMemory demonstration dataset
VTGHI-006,VT-GHI,2025-03-14,32,Routine inspection finding,Visual inspection and log review,Recorded and monitored,General system,No recurrence observed,worked,SYNTHETIC,TailMemory demonstration dataset
VTGHI-P001,VT-GHI,2025-03-22,31,Primary display blank during power-up,LRU self-test,Replaced display unit,Display LRU,Blank display returned,failed,SYNTHETIC,TailMemory demonstration dataset
VTGHI-007,VT-GHI,2025-03-25,25,Routine inspection finding,Visual inspection and log review,Recorded and monitored,General system,No recurrence observed,worked,SYNTHETIC,TailMemory demonstration dataset
VTGHI-P002,VT-GHI,2025-04-04,31,Primary display blank during power-up,LRU swap,Replaced display unit again,Display LRU,Blank display returned,failed,SYNTHETIC,TailMemory demonstration dataset
VTGHI-008,VT-GHI,2025-04-05,32,Routine inspection finding,Visual inspection and log review,Recorded and monitored,General system,No recurrence observed,worked,SYNTHETIC,TailMemory demonstration dataset
VTGHI-009,VT-GHI,2025-04-16,32,Routine inspection finding,Visual inspection and log review,Recorded and monitored,General system,No recurrence observed,not_verified,SYNTHETIC,TailMemory demonstration dataset
VTGHI-P003,VT-GHI,2025-04-17,31,Primary display blank during power-up,Connector and pin inspection,Reseated display connector,Display connector,Display restored,worked,SYNTHETIC,TailMemory demonstration dataset
VTGHI-010,VT-GHI,2025-04-27,25,Routine inspection finding,Visual inspection and log review,Recorded and monitored,General system,No recurrence observed,worked,SYNTHETIC,TailMemory demonstration dataset
VTGHI-P004,VT-GHI,2025-04-30,31,Primary display blank during power-up,Operational check,Verified display through multiple power cycles,Display system,No recurrence observed,worked,SYNTHETIC,TailMemory demonstration dataset
VTGHI-011,VT-GHI,2025-05-08,32,Routine inspection finding,Visual inspection and log review,Recorded and monitored,General system,No recurrence observed,worked,SYNTHETIC,TailMemory demonstration dataset
VTGHI-012,VT-GHI,2025-05-19,32,Routine inspection finding,Visual inspection and log review,Recorded and monitored,General system,No recurrence observed,worked,SYNTHETIC,TailMemory demonstration dataset
VTGHI-013,VT-GHI,2025-05-30,25,Routine inspection finding,Visual inspection and log review,Recorded and monitored,General system,No recurrence observed,not_verified,SYNTHETIC,TailMemory demonstration dataset
VTGHI-014,VT-GHI,2025-06-10,32,Routine inspection finding,Visual inspection and log review,Recorded and monitored,General system,No recurrence observed,worked,SYNTHETIC,TailMemory demonstration dataset
VTGHI-015,VT-GHI,2025-06-21,32,Routine inspection finding,Visual inspection and log review,Recorded and monitored,General system,No recurrence observed,worked,SYNTHETIC,TailMemory demonstration dataset
VTGHI-016,VT-GHI,2025-07-02,25,Routine inspection finding,Visual inspection and log review,Recorded and monitored,General system,No recurrence observed,worked,SYNTHETIC,TailMemory demonstration dataset
VTGHI-017,VT-GHI,2025-07-13,32,Routine inspection finding,Visual inspection and log review,Recorded and monitored,General system,No recurrence observed,not_verified,SYNTHETIC,TailMemory demonstration dataset
VTGHI-018,VT-GHI,2025-07-24,32,Routine inspection finding,Visual inspection and log review,Recorded and monitored,General system,No recurrence observed,worked,SYNTHETIC,TailMemory demonstration dataset
VTGHI-019,VT-GHI,2025-08-04,25,Routine inspection finding,Visual inspection and log review,Recorded and monitored,General system,No recurrence observed,worked,SYNTHETIC,TailMemory demonstration dataset
VTGHI-020,VT-GHI,2025-08-15,32,Routine inspection finding,Visual inspection and log review,Recorded and monitored,General system,No recurrence observed,worked,SYNTHETIC,TailMemory demonstration dataset
VTJKL-001,VT-JKL,2025-01-21,25,Routine inspection finding,Visual inspection and log review,Recorded and monitored,General system,No recurrence observed,not_verified,SYNTHETIC,TailMemory demonstration dataset
VTJKL-002,VT-JKL,2025-02-01,32,Routine inspection finding,Visual inspection and log review,Recorded and monitored,General system,No recurrence observed,worked,SYNTHETIC,TailMemory demonstration dataset
VTJKL-003,VT-JKL,2025-02-12,32,Routine inspection finding,Visual inspection and log review,Recorded and monitored,General system,No recurrence observed,worked,SYNTHETIC,TailMemory demonstration dataset
VTJKL-004,VT-JKL,2025-02-23,25,Routine inspection finding,Visual inspection and log review,Recorded and monitored,General system,No recurrence observed,worked,SYNTHETIC,TailMemory demonstration dataset
VTJKL-005,VT-JKL,2025-03-06,32,Routine inspection finding,Visual inspection and log review,Recorded and monitored,General system,No recurrence observed,not_verified,SYNTHETIC,TailMemory demonstration dataset
VTJKL-006,VT-JKL,2025-03-17,32,Routine inspection finding,Visual inspection and log review,Recorded and monitored,General system,No recurrence observed,worked,SYNTHETIC,TailMemory demonstration dataset
VTJKL-P001,VT-JKL,2025-03-26,73,Low fuel flow indication,Fuel pressure test,Replaced fuel filter,Fuel filter,Low flow indication returned,failed,SYNTHETIC,TailMemory demonstration dataset
VTJKL-007,VT-JKL,2025-03-28,25,Routine inspection finding,Visual inspection and log review,Recorded and monitored,General system,No recurrence observed,worked,SYNTHETIC,TailMemory demonstration dataset
VTJKL-008,VT-JKL,2025-04-08,32,Routine inspection finding,Visual inspection and log review,Recorded and monitored,General system,No recurrence observed,worked,SYNTHETIC,TailMemory demonstration dataset
VTJKL-P002,VT-JKL,2025-04-08,73,Low fuel flow indication,Filter inspection,Replaced fuel filter again,Fuel filter,Low flow indication returned,failed,SYNTHETIC,TailMemory demonstration dataset
VTJKL-009,VT-JKL,2025-04-19,32,Routine inspection finding,Visual inspection and log review,Recorded and monitored,General system,No recurrence observed,not_verified,SYNTHETIC,TailMemory demonstration dataset
VTJKL-P003,VT-JKL,2025-04-21,73,Low fuel flow indication,Sensor harness continuity check,Repaired fuel flow sensor harness,Fuel flow sensor harness,Flow indication normalized,worked,SYNTHETIC,TailMemory demonstration dataset
VTJKL-010,VT-JKL,2025-04-30,25,Routine inspection finding,Visual inspection and log review,Recorded and monitored,General system,No recurrence observed,worked,SYNTHETIC,TailMemory demonstration dataset
VTJKL-P004,VT-JKL,2025-05-04,73,Low fuel flow indication,Post-maintenance trend review,Monitored fuel flow trend,Fuel system,No recurrence observed,worked,SYNTHETIC,TailMemory demonstration dataset
VTJKL-011,VT-JKL,2025-05-11,32,Routine inspection finding,Visual inspection and log review,Recorded and monitored,General system,No recurrence observed,worked,SYNTHETIC,TailMemory demonstration dataset
VTJKL-012,VT-JKL,2025-05-22,32,Routine inspection finding,Visual inspection and log review,Recorded and monitored,General system,No recurrence observed,worked,SYNTHETIC,TailMemory demonstration dataset
VTJKL-013,VT-JKL,2025-06-02,25,Routine inspection finding,Visual inspection and log review,Recorded and monitored,General system,No recurrence observed,not_verified,SYNTHETIC,TailMemory demonstration dataset
VTJKL-014,VT-JKL,2025-06-13,32,Routine inspection finding,Visual inspection and log review,Recorded and monitored,General system,No recurrence observed,worked,SYNTHETIC,TailMemory demonstration dataset
VTJKL-015,VT-JKL,2025-06-24,32,Routine inspection finding,Visual inspection and log review,Recorded and monitored,General system,No recurrence observed,worked,SYNTHETIC,TailMemory demonstration dataset
VTJKL-016,VT-JKL,2025-07-05,25,Routine inspection finding,Visual inspection and log review,Recorded and monitored,General system,No recurrence observed,worked,SYNTHETIC,TailMemory demonstration dataset
VTJKL-017,VT-JKL,2025-07-16,32,Routine inspection finding,Visual inspection and log review,Recorded and monitored,General system,No recurrence observed,not_verified,SYNTHETIC,TailMemory demonstration dataset
VTJKL-018,VT-JKL,2025-07-27,32,Routine inspection finding,Visual inspection and log review,Recorded and monitored,General system,No recurrence observed,worked,SYNTHETIC,TailMemory demonstration dataset
VTJKL-019,VT-JKL,2025-08-07,25,Routine inspection finding,Visual inspection and log review,Recorded and monitored,General system,No recurrence observed,worked,SYNTHETIC,TailMemory demonstration dataset
VTJKL-020,VT-JKL,2025-08-18,32,Routine inspection finding,Visual inspection and log review,Recorded and monitored,General system,No recurrence observed,worked,SYNTHETIC,TailMemory demonstration dataset
VTMNO-001,VT-MNO,2025-01-24,25,Routine inspection finding,Visual inspection and log review,Recorded and monitored,General system,No recurrence observed,not_verified,SYNTHETIC,TailMemory demonstration dataset
VTMNO-002,VT-MNO,2025-02-04,32,Routine inspection finding,Visual inspection and log review,Recorded and monitored,General system,No recurrence observed,worked,SYNTHETIC,TailMemory demonstration dataset
VTMNO-003,VT-MNO,2025-02-15,32,Routine inspection finding,Visual inspection and log review,Recorded and monitored,General system,No recurrence observed,worked,SYNTHETIC,TailMemory demonstration dataset
VTMNO-004,VT-MNO,2025-02-26,25,Routine inspection finding,Visual inspection and log review,Recorded and monitored,General system,No recurrence observed,worked,SYNTHETIC,TailMemory demonstration dataset
VTMNO-005,VT-MNO,2025-03-09,32,Routine inspection finding,Visual inspection and log review,Recorded and monitored,General system,No recurrence observed,not_verified,SYNTHETIC,TailMemory demonstration dataset
VTMNO-006,VT-MNO,2025-03-20,32,Routine inspection finding,Visual inspection and log review,Recorded and monitored,General system,No recurrence observed,worked,SYNTHETIC,TailMemory demonstration dataset
VTMNO-P001,VT-MNO,2025-03-30,32,Brake temperature warning after taxi,Brake unit inspection,Replaced brake control unit,Brake control unit,Warning returned,failed,SYNTHETIC,TailMemory demonstration dataset
VTMNO-007,VT-MNO,2025-03-31,25,Routine inspection finding,Visual inspection and log review,Recorded and monitored,General system,No recurrence observed,worked,SYNTHETIC,TailMemory demonstration dataset
VTMNO-008,VT-MNO,2025-04-11,32,Routine inspection finding,Visual inspection and log review,Recorded and monitored,General system,No recurrence observed,worked,SYNTHETIC,TailMemory demonstration dataset
VTMNO-P002,VT-MNO,2025-04-12,32,Brake temperature warning after taxi,Brake unit substitution,Replaced brake control unit again,Brake control unit,Warning returned,failed,SYNTHETIC,TailMemory demonstration dataset
VTMNO-009,VT-MNO,2025-04-22,32,Routine inspection finding,Visual inspection and log review,Recorded and monitored,General system,No recurrence observed,not_verified,SYNTHETIC,TailMemory demonstration dataset
VTMNO-P003,VT-MNO,2025-04-25,32,Brake temperature warning after taxi,Temperature circuit inspection,Repaired temperature probe wiring,Brake temperature probe wiring,Temperature readings normalized,worked,SYNTHETIC,TailMemory demonstration dataset
VTMNO-010,VT-MNO,2025-05-03,25,Routine inspection finding,Visual inspection and log review,Recorded and monitored,General system,No recurrence observed,worked,SYNTHETIC,TailMemory demonstration dataset
VTMNO-P004,VT-MNO,2025-05-08,32,Brake temperature warning after taxi,Operational brake check,Monitored brake temperatures,Brake system,No recurrence observed,worked,SYNTHETIC,TailMemory demonstration dataset
VTMNO-011,VT-MNO,2025-05-14,32,Routine inspection finding,Visual inspection and log review,Recorded and monitored,General system,No recurrence observed,worked,SYNTHETIC,TailMemory demonstration dataset
VTMNO-012,VT-MNO,2025-05-25,32,Routine inspection finding,Visual inspection and log review,Recorded and monitored,General system,No recurrence observed,worked,SYNTHETIC,TailMemory demonstration dataset
VTMNO-013,VT-MNO,2025-06-05,25,Routine inspection finding,Visual inspection and log review,Recorded and monitored,General system,No recurrence observed,not_verified,SYNTHETIC,TailMemory demonstration dataset
VTMNO-014,VT-MNO,2025-06-16,32,Routine inspection finding,Visual inspection and log review,Recorded and monitored,General system,No recurrence observed,worked,SYNTHETIC,TailMemory demonstration dataset
VTMNO-015,VT-MNO,2025-06-27,32,Routine inspection finding,Visual inspection and log review,Recorded and monitored,General system,No recurrence observed,worked,SYNTHETIC,TailMemory demonstration dataset
VTMNO-016,VT-MNO,2025-07-08,25,Routine inspection finding,Visual inspection and log review,Recorded and monitored,General system,No recurrence observed,worked,SYNTHETIC,TailMemory demonstration dataset
VTMNO-017,VT-MNO,2025-07-19,32,Routine inspection finding,Visual inspection and log review,Recorded and monitored,General system,No recurrence observed,not_verified,SYNTHETIC,TailMemory demonstration dataset
VTMNO-018,VT-MNO,2025-07-30,32,Routine inspection finding,Visual inspection and log review,Recorded and monitored,General system,No recurrence observed,worked,SYNTHETIC,TailMemory demonstration dataset
VTMNO-019,VT-MNO,2025-08-10,25,Routine inspection finding,Visual inspection and log review,Recorded and monitored,General system,No recurrence observed,worked,SYNTHETIC,TailMemory demonstration dataset
VTMNO-020,VT-MNO,2025-08-21,32,Routine inspection finding,Visual inspection and log review,Recorded and monitored,General system,No recurrence observed,worked,SYNTHETIC,TailMemory demonstration dataset
VTPQR-001,VT-PQR,2025-01-27,25,Routine inspection finding,Visual inspection and log review,Recorded and monitored,General system,No recurrence observed,not_verified,SYNTHETIC,TailMemory demonstration dataset
VTPQR-002,VT-PQR,2025-02-07,32,Routine inspection finding,Visual inspection and log review,Recorded and monitored,General system,No recurrence observed,worked,SYNTHETIC,TailMemory demonstration dataset
VTPQR-003,VT-PQR,2025-02-18,32,Routine inspection finding,Visual inspection and log review,Recorded and monitored,General system,No recurrence observed,worked,SYNTHETIC,TailMemory demonstration dataset
VTPQR-004,VT-PQR,2025-03-01,25,Routine inspection finding,Visual inspection and log review,Recorded and monitored,General system,No recurrence observed,worked,SYNTHETIC,TailMemory demonstration dataset
VTPQR-005,VT-PQR,2025-03-12,32,Routine inspection finding,Visual inspection and log review,Recorded and monitored,General system,No recurrence observed,not_verified,SYNTHETIC,TailMemory demonstration dataset
VTPQR-006,VT-PQR,2025-03-23,32,Routine inspection finding,Visual inspection and log review,Recorded and monitored,General system,No recurrence observed,worked,SYNTHETIC,TailMemory demonstration dataset
VTPQR-007,VT-PQR,2025-04-03,25,Routine inspection finding,Visual inspection and log review,Recorded and monitored,General system,No recurrence observed,worked,SYNTHETIC,TailMemory demonstration dataset
VTPQR-008,VT-PQR,2025-04-14,32,Routine inspection finding,Visual inspection and log review,Recorded and monitored,General system,No recurrence observed,worked,SYNTHETIC,TailMemory demonstration dataset
VTPQR-009,VT-PQR,2025-04-25,32,Routine inspection finding,Visual inspection and log review,Recorded and monitored,General system,No recurrence observed,not_verified,SYNTHETIC,TailMemory demonstration dataset
VTPQR-010,VT-PQR,2025-05-06,25,Routine inspection finding,Visual inspection and log review,Recorded and monitored,General system,No recurrence observed,worked,SYNTHETIC,TailMemory demonstration dataset
VTPQR-P001,VT-PQR,2025-05-15,21,Cabin temperature high,Cabin temperature check,Adjusted temperature controller,Temperature controller,Cabin temperature normalized,worked,SYNTHETIC,TailMemory demonstration dataset
VTPQR-011,VT-PQR,2025-05-17,32,Routine inspection finding,Visual inspection and log review,Recorded and monitored,General system,No recurrence observed,worked,SYNTHETIC,TailMemory demonstration dataset
VTPQR-012,VT-PQR,2025-05-28,32,Routine inspection finding,Visual inspection and log review,Recorded and monitored,General system,No recurrence observed,worked,SYNTHETIC,TailMemory demonstration dataset
VTPQR-P002,VT-PQR,2025-05-30,21,Cabin temperature high,Operational check,Monitored cabin temperature,Cabin system,No recurrence observed,worked,SYNTHETIC,TailMemory demonstration dataset
VTPQR-013,VT-PQR,2025-06-08,25,Routine inspection finding,Visual inspection and log review,Recorded and monitored,General system,No recurrence observed,not_verified,SYNTHETIC,TailMemory demonstration dataset
VTPQR-P003,VT-PQR,2025-06-14,27,Flight control trim indication,Control surface inspection,Adjusted trim actuator linkage,Trim actuator linkage,Indication cleared,worked,SYNTHETIC,TailMemory demonstration dataset
VTPQR-014,VT-PQR,2025-06-19,32,Routine inspection finding,Visual inspection and log review,Recorded and monitored,General system,No recurrence observed,worked,SYNTHETIC,TailMemory demonstration dataset
VTPQR-P004,VT-PQR,2025-06-29,27,Flight control trim indication,Operational check,Completed control check,Flight controls,No recurrence observed,worked,SYNTHETIC,TailMemory demonstration dataset
VTPQR-015,VT-PQR,2025-06-30,32,Routine inspection finding,Visual inspection and log review,Recorded and monitored,General system,No recurrence observed,worked,SYNTHETIC,TailMemory demonstration dataset
VTPQR-016,VT-PQR,2025-07-11,25,Routine inspection finding,Visual inspection and log review,Recorded and monitored,General system,No recurrence observed,worked,SYNTHETIC,TailMemory demonstration dataset
VTPQR-017,VT-PQR,2025-07-22,32,Routine inspection finding,Visual inspection and log review,Recorded and monitored,General system,No recurrence observed,not_verified,SYNTHETIC,TailMemory demonstration dataset
VTPQR-018,VT-PQR,2025-08-02,32,Routine inspection finding,Visual inspection and log review,Recorded and monitored,General system,No recurrence observed,worked,SYNTHETIC,TailMemory demonstration dataset
VTPQR-019,VT-PQR,2025-08-13,25,Routine inspection finding,Visual inspection and log review,Recorded and monitored,General system,No recurrence observed,worked,SYNTHETIC,TailMemory demonstration dataset
VTPQR-020,VT-PQR,2025-08-24,32,Routine inspection finding,Visual inspection and log review,Recorded and monitored,General system,No recurrence observed,worked,SYNTHETIC,TailMemory demonstration dataset
VTSTU-001,VT-STU,2025-01-30,25,Routine inspection finding,Visual inspection and log review,Recorded and monitored,General system,No recurrence observed,not_verified,SYNTHETIC,TailMemory demonstration dataset
VTSTU-002,VT-STU,2025-02-10,32,Routine inspection finding,Visual inspection and log review,Recorded and monitored,General system,No recurrence observed,worked,SYNTHETIC,TailMemory demonstration dataset
VTSTU-003,VT-STU,2025-02-21,32,Routine inspection finding,Visual inspection and log review,Recorded and monitored,General system,No recurrence observed,worked,SYNTHETIC,TailMemory demonstration dataset
VTSTU-004,VT-STU,2025-03-04,25,Routine inspection finding,Visual inspection and log review,Recorded and monitored,General system,No recurrence observed,worked,SYNTHETIC,TailMemory demonstration dataset
VTSTU-005,VT-STU,2025-03-15,32,Routine inspection finding,Visual inspection and log review,Recorded and monitored,General system,No recurrence observed,not_verified,SYNTHETIC,TailMemory demonstration dataset
VTSTU-006,VT-STU,2025-03-26,32,Routine inspection finding,Visual inspection and log review,Recorded and monitored,General system,No recurrence observed,worked,SYNTHETIC,TailMemory demonstration dataset
VTSTU-007,VT-STU,2025-04-06,25,Routine inspection finding,Visual inspection and log review,Recorded and monitored,General system,No recurrence observed,worked,SYNTHETIC,TailMemory demonstration dataset
VTSTU-008,VT-STU,2025-04-17,32,Routine inspection finding,Visual inspection and log review,Recorded and monitored,General system,No recurrence observed,worked,SYNTHETIC,TailMemory demonstration dataset
VTSTU-009,VT-STU,2025-04-28,32,Routine inspection finding,Visual inspection and log review,Recorded and monitored,General system,No recurrence observed,not_verified,SYNTHETIC,TailMemory demonstration dataset
VTSTU-010,VT-STU,2025-05-09,25,Routine inspection finding,Visual inspection and log review,Recorded and monitored,General system,No recurrence observed,worked,SYNTHETIC,TailMemory demonstration dataset
VTSTU-011,VT-STU,2025-05-20,32,Routine inspection finding,Visual inspection and log review,Recorded and monitored,General system,No recurrence observed,worked,SYNTHETIC,TailMemory demonstration dataset
VTSTU-P001,VT-STU,2025-05-20,72,Engine vibration above expected trend,Vibration survey,Performed fan trim,Fan assembly,Vibration reduced,worked,SYNTHETIC,TailMemory demonstration dataset
VTSTU-012,VT-STU,2025-05-31,32,Routine inspection finding,Visual inspection and log review,Recorded and monitored,General system,No recurrence observed,worked,SYNTHETIC,TailMemory demonstration dataset
VTSTU-P002,VT-STU,2025-06-04,72,Engine vibration above expected trend,Trend monitoring,Monitored vibration after trim,Engine vibration system,No recurrence observed,worked,SYNTHETIC,TailMemory demonstration dataset
VTSTU-013,VT-STU,2025-06-11,25,Routine inspection finding,Visual inspection and log review,Recorded and monitored,General system,No recurrence observed,not_verified,SYNTHETIC,TailMemory demonstration dataset
VTSTU-P003,VT-STU,2025-06-19,79,Oil pressure indication fluctuating,Pressure transducer test,Replaced pressure transducer,Oil pressure transducer,Indication stable,worked,SYNTHETIC,TailMemory demonstration dataset
VTSTU-014,VT-STU,2025-06-22,32,Routine inspection finding,Visual inspection and log review,Recorded and monitored,General system,No recurrence observed,worked,SYNTHETIC,TailMemory demonstration dataset
VTSTU-015,VT-STU,2025-07-03,32,Routine inspection finding,Visual inspection and log review,Recorded and monitored,General system,No recurrence observed,worked,SYNTHETIC,TailMemory demonstration dataset
VTSTU-P004,VT-STU,2025-07-04,79,Oil pressure indication fluctuating,Operational check,Verified oil pressure trend,Oil system,No recurrence observed,worked,SYNTHETIC,TailMemory demonstration dataset
VTSTU-016,VT-STU,2025-07-14,25,Routine inspection finding,Visual inspection and log review,Recorded and monitored,General system,No recurrence observed,worked,SYNTHETIC,TailMemory demonstration dataset
VTSTU-017,VT-STU,2025-07-25,32,Routine inspection finding,Visual inspection and log review,Recorded and monitored,General system,No recurrence observed,not_verified,SYNTHETIC,TailMemory demonstration dataset
VTSTU-018,VT-STU,2025-08-05,32,Routine inspection finding,Visual inspection and log review,Recorded and monitored,General system,No recurrence observed,worked,SYNTHETIC,TailMemory demonstration dataset
VTSTU-019,VT-STU,2025-08-16,25,Routine inspection finding,Visual inspection and log review,Recorded and monitored,General system,No recurrence observed,worked,SYNTHETIC,TailMemory demonstration dataset
VTSTU-020,VT-STU,2025-08-27,32,Routine inspection finding,Visual inspection and log review,Recorded and monitored,General system,No recurrence observed,worked,SYNTHETIC,TailMemory demonstration dataset
VTXYZ-001,VT-XYZ,2025-02-02,25,Routine inspection finding,Visual inspection and log review,Recorded and monitored,General system,No recurrence observed,not_verified,SYNTHETIC,TailMemory demonstration dataset
VTXYZ-002,VT-XYZ,2025-02-13,32,Routine inspection finding,Visual inspection and log review,Recorded and monitored,General system,No recurrence observed,worked,SYNTHETIC,TailMemory demonstration dataset
VTXYZ-003,VT-XYZ,2025-02-24,32,Routine inspection finding,Visual inspection and log review,Recorded and monitored,General system,No recurrence observed,worked,SYNTHETIC,TailMemory demonstration dataset
VTXYZ-004,VT-XYZ,2025-03-07,25,Routine inspection finding,Visual inspection and log review,Recorded and monitored,General system,No recurrence observed,worked,SYNTHETIC,TailMemory demonstration dataset
VTXYZ-005,VT-XYZ,2025-03-18,32,Routine inspection finding,Visual inspection and log review,Recorded and monitored,General system,No recurrence observed,not_verified,SYNTHETIC,TailMemory demonstration dataset
VTXYZ-006,VT-XYZ,2025-03-29,32,Routine inspection finding,Visual inspection and log review,Recorded and monitored,General system,No recurrence observed,worked,SYNTHETIC,TailMemory demonstration dataset
VTXYZ-007,VT-XYZ,2025-04-09,25,Routine inspection finding,Visual inspection and log review,Recorded and monitored,General system,No recurrence observed,worked,SYNTHETIC,TailMemory demonstration dataset
VTXYZ-008,VT-XYZ,2025-04-20,32,Routine inspection finding,Visual inspection and log review,Recorded and monitored,General system,No recurrence observed,worked,SYNTHETIC,TailMemory demonstration dataset
VTXYZ-009,VT-XYZ,2025-05-01,32,Routine inspection finding,Visual inspection and log review,Recorded and monitored,General system,No recurrence observed,not_verified,SYNTHETIC,TailMemory demonstration dataset
VTXYZ-010,VT-XYZ,2025-05-12,25,Routine inspection finding,Visual inspection and log review,Recorded and monitored,General system,No recurrence observed,worked,SYNTHETIC,TailMemory demonstration dataset
VTXYZ-011,VT-XYZ,2025-05-23,32,Routine inspection finding,Visual inspection and log review,Recorded and monitored,General system,No recurrence observed,worked,SYNTHETIC,TailMemory demonstration dataset
VTXYZ-P001,VT-XYZ,2025-05-25,24,Generator voltage fluctuation,Voltage trend review,Monitored generator output,Generator system,No recurrence observed,worked,SYNTHETIC,TailMemory demonstration dataset
VTXYZ-012,VT-XYZ,2025-06-03,32,Routine inspection finding,Visual inspection and log review,Recorded and monitored,General system,No recurrence observed,worked,SYNTHETIC,TailMemory demonstration dataset
VTXYZ-P002,VT-XYZ,2025-06-09,24,Generator voltage fluctuation,Operational check,Verified generator output,Generator system,No recurrence observed,worked,SYNTHETIC,TailMemory demonstration dataset
VTXYZ-013,VT-XYZ,2025-06-14,25,Routine inspection finding,Visual inspection and log review,Recorded and monitored,General system,No recurrence observed,not_verified,SYNTHETIC,TailMemory demonstration dataset
VTXYZ-P003,VT-XYZ,2025-06-24,30,Rain repellent low flow,Reservoir inspection,Refilled rain repellent reservoir,Rain repellent reservoir,Flow restored,worked,SYNTHETIC,TailMemory demonstration dataset
VTXYZ-014,VT-XYZ,2025-06-25,32,Routine inspection finding,Visual inspection and log review,Recorded and monitored,General system,No recurrence observed,worked,SYNTHETIC,TailMemory demonstration dataset
VTXYZ-015,VT-XYZ,2025-07-06,32,Routine inspection finding,Visual inspection and log review,Recorded and monitored,General system,No recurrence observed,worked,SYNTHETIC,TailMemory demonstration dataset
VTXYZ-P004,VT-XYZ,2025-07-09,30,Rain repellent low flow,Operational check,Verified windshield spray,Rain repellent system,No recurrence observed,worked,SYNTHETIC,TailMemory demonstration dataset
VTXYZ-016,VT-XYZ,2025-07-17,25,Routine inspection finding,Visual inspection and log review,Recorded and monitored,General system,No recurrence observed,worked,SYNTHETIC,TailMemory demonstration dataset
VTXYZ-017,VT-XYZ,2025-07-28,32,Routine inspection finding,Visual inspection and log review,Recorded and monitored,General system,No recurrence observed,not_verified,SYNTHETIC,TailMemory demonstration dataset
VTXYZ-018,VT-XYZ,2025-08-08,32,Routine inspection finding,Visual inspection and log review,Recorded and monitored,General system,No recurrence observed,worked,SYNTHETIC,TailMemory demonstration dataset
VTXYZ-019,VT-XYZ,2025-08-19,25,Routine inspection finding,Visual inspection and log review,Recorded and monitored,General system,No recurrence observed,worked,SYNTHETIC,TailMemory demonstration dataset
VTXYZ-020,VT-XYZ,2025-08-30,32,Routine inspection finding,Visual inspection and log review,Recorded and monitored,General system,No recurrence observed,worked,SYNTHETIC,TailMemory demonstration dataset
